name,city,rating,reviews,phone,email,website,address
TARGET 9 - BEST IELTS and PTE institute in Jalandhar,Jalandhar,4.8,,"
070878 78707",,https://www.instagram.com/target9_ielts_pte/,"
285, Garha Rd, adjacent to Railway crossing, near Bus stand, Defence Colony, Jalandhar, Punjab 144001"
"IBT - IELTS Institute in Jalandhar, IELTS coaching in Jalandhar",Jalandhar,4.5,,"
075205 12345",,https://www.ibtenglish.in/best-ielts-institutes-in-jalandhar,"
IBT Institute, opposite PIMS, SCO-65, Garha Rd, Gurjit Nagar, Jalandhar, Punjab 144001"
"TIMES ACADEMY - IELTS Institute in Jalandhar, Nanny Course in Jalandhar, Nanny Training in Jalandhar",Jalandhar,4.9,,"
086992 32323",,http://www.timesacademy.in/,"
112, Kuber Complex, near Bus Stand, Shantipura, Ranjit Nagar, Jalandhar, Punjab 144001"
IELTS 9 bands Academy 4 SL group (uk Study Visa Immigration consultant),Jalandhar,5.0,,"
099887 07717",,https://ielts9bands.com/,"
4, sl group, Amandeep Ave, near Rly Crossing, Maqsudan, Jalandhar, Punjab 144008"
Pyramid e Institute - Best IELTS/PTE Institute in Jalandhar,Jalandhar,4.9,,"
091155 92444",,,"
Building no. 946, Bus Stand, near Raja Hotel, New Market, Fentonganj, Jalandhar, Punjab 144001"
"Touchstone Educationals - Best IELTS, PTE, TOEFL Cosching Institute in Jalandhar",Jalandhar,4.3,,"
0172 500 0060",,https://www.touchstoneedu.com/ielts-study-abroad-touchstone-jalandhar,"
739, Mota Singh Nagar, Jalandhar, Punjab 144001"
"Victoria london school-Best IELTS Institutes in Jalandhar , Best PTE Institutes in Jalandhar",Jalandhar,4.7,,"
098760 12345",,http://www.victorialondonschool.com/,"
Scf73, opp, Garha Rd, opp. pims hospital, Choti Baradari Part 2, Choti Baradari, Jalandhar, Punjab 144001"
Shepherds-Best Spoken English and English speaking institute in Ludhiana,Ludhiana,4.9,,"
070875 57787",,https://www.shepherdsedu.com/,"
1136, Harnam Nagar Rd, Shastri Nagar, Model Town, Ludhiana, Punjab 141002"
"Lexington Best Immigration Consultancy & (IELTS,PTE,OET, German Coaching Centre) Ludhiana &Canada",Ludhiana,4.9,,"
098720 21991",,http://lexingtonielts.com/,
ACCT | Best IELTS Institute in Ludhiana | SIEC Test Masters,Ludhiana,4.8,,"
097790 46382",,https://www.siecindia.com/,"
Ground Floor, Chevron Hotel Complex, near Passport Office, opp. Preet Palace, Model Town, Ludhiana, Punjab 141002"
Mindway Education - Best PTE & IELTS Institute in Ludhiana,Ludhiana,4.7,,"
097790 77020",,http://www.mindwayedu.com/,"
Link Rd, opposite Passport office, Model Town, Ludhiana, Punjab 141002"
English Canvas the best IELTS and Spoken institute in Ludhiana,Ludhiana,4.9,,"
073472 43961",,,"
1st Floor, Bachittar Nagar, 116, Street No. 2, near G.N.E. (diploma gate)College, opp. new kachehri, Shahid Jasdev Singh Nagar, Ludhiana, Punjab 141003"
Voxcel Group - Best IELTS Institute in Ludhiana.,Ludhiana,5.0,,"
084274 09990",,https://www.voxcel.org/,"
2nd Floor, Raja Complex, Adj. Sidhu Dairy, Pakhowal Rd, near Hero Bakery Chowk, Ludhiana, Punjab 141001"
Maple Ielts College,Ludhiana,4.8,,"
0161 460 0444",,https://www.mapleieltscollege.in/,"
1st and 2nd floor, Sco 28, market, above Union bank, Nehru Nagar, Model Town Extension, Model Town, Ludhiana, Punjab 141002"
Touchstone Educationals - Best IELTS | PTE | TOEFL | Coaching Institute in Amritsar,Amritsar,4.5,,"
0172 500 0060",,https://www.touchstoneedu.com/ielts-study-abroad-touchstone-amritsar,"
District Shopping Centre, SCO 42, B - Block, Ranjit Avenue, Amritsar, Punjab 143001"
Ixora Academy,Amritsar,4.8,,"
081918 70117",,http://ixora.in/,"
SCO 74, District Shopping Complex, Gumtala Sub Urban, B - Block, Ranjit Avenue, Amritsar, Punjab 143001"
BDS Institute of English,Amritsar,4.9,,"
078886 98792",,https://bdsinstituteofenglish.com/,"
Gumtala Sub Urban, B - Block, Ranjit Avenue, Amritsar, Punjab 143001"
"TARGET 9, Best IELTS and PTE institute in Amritsar",Amritsar,4.8,,"
098517 80780",,https://www.instagram.com/target9_ielts_pte/,"
SCO 84-85,CITY CENTRE, near BUS STAND, Amritsar, Punjab 143006"
Canamprep - IELTS Institute Amritsar,Amritsar,4.5,,"
1800 137 5499",,https://www.canamgroup.com/testprep,"
DISTT Shopping Complex, SCO.37, 4th & 5th Floor, B - Block, Ranjit Avenue, Amritsar, Punjab 143001"
Modentum- Best IELTS PTE CELPIP institute in Amritsar,Amritsar,5.0,,"
06284 869 054",,http://www.modentum.in/,"
6th Floor, District Shopping Complex, Sco-6, B - Block, Ranjit Avenue, Amritsar, Punjab 143001"
Official IELTS Test Centre Amritsar | IELTS IDP India,Amritsar,4.9,,"
0183 500 7996",,https://www.ieltsidpindia.com/?utm_source=GMB&utm_medium=Traffic&utm_campaign=GoogleGMB,"
SCO- 57, 3rd Floor, District Shopping Complex, opposite BSNL office, Gumtala Sub Urban, B - Block, Ranjit Avenue, Amritsar, Punjab 143001"
Madhavi's British Academy - IELTS Coaching Classes in Ahmedabad,Ahmedabad,4.7,,"
099786 74969",,https://www.madhavikhandwala.com/,"
Shangrila Arcade, Head Office 216, nr. Shyamal Cross Road, Satellite, Ahmedabad, Gujarat 380015"
Kanan International,Ahmedabad,4.7,,"
096016 81314",,https://www.kanan.co/classroom/ielts-classes-in-ahmedabad/,"
181 on first floor, Titanium City Center Mall, 143, 100 Feet Anand Nagar Rd, next to Sachin Tower, Jodhpur Village, Ahmedabad, Gujarat 380015"
Ambrish Tiwari Ielts Academy Ahmedabad,Ahmedabad,4.7,,"
095588 10811",,https://www.theieltsacademy.in/,"
Dev Atelier, B-222, 100 Feet Rd, Satellite, Anandnagar, Prahlad Nagar, Ahmedabad, Gujarat 380015"
Angel EduNext Pvt Ltd - Student Visa Expert in Ahmedabad,Ahmedabad,4.8,,"
094290 03337",,http://www.angeledunext.com/,"
Unicus, 301-305, Shyamal Cross Rd, opp. Parekh's Hospital, Balgayatri Society Part-2, Satellite, Shyamal, Ahmedabad, Gujarat 380015"
"Navin Julka's academy of ielts coaching in Ahmedabad, best French language, PTE coaching, spoken English coaching Ahmedabad",Ahmedabad,4.9,,"
081288 47113",,http://www.academyofielts.com/,"
313 Shanti Arcade Bus Stop 132 Feet Ring Road, BRTS Corridor, opp. Jay Mangal Society, Naranpura, Ahmedabad, Gujarat 380013"
Official IELTS Test Centre Ahmedabad (Gujarat) | IELTS IDP India,Ahmedabad,4.9,,"
079 4411 8888",,https://www.ieltsidpindia.com/?utm_source=GMB&utm_medium=Traffic&utm_campaign=GoogleGMB,"
Addor Aspire, First floor, Office no. 105-106, 120 Feet Ring Rd, Beside Jhanvi Restaurant, Near L.D Engineer College Gujarat University Area, Preyas Society, Hollywood Basti, Gulbai Tekra, Ahmedabad, Gujarat 380015"
Aayan Overseas,Ahmedabad,4.9,,"
070697 71919",,,"
911, Shivalik Shilp-2, opp. Itc Narmada, Hotel, Suryapooja Block B, Vastrapur, Ahmedabad, Gujarat 380015"
"Elite Overseas - IELTS, PTE, TOEFL, Duolingo Coaching Classes in Surat | Study Abroad Consultant",Surat,4.7,,"
090816 63335",,http://www.eliteoverseaseducation.com/,"
Elite House, 4th Floor, Ritz Plaza Near Umra Police Station, Ghod Dod Rd, opposite Kavi Narmad Central Library, Surat, Gujarat 395007"
"Elite Overseas (Elite Score Plus) - IELTS, PTE, TOEFL, Duolingo Coaching Classes in Adajan, Surat | Study Abroad Consultant",Surat,5.0,,"
090816 00661",,https://www.eliteoverseaseducation.com/,"
3rd Floor, Green Elina Complex, Elite Score Plus, 333 & 335, Anand Mahal Rd, near Sneh Sankul Wadi, Opposite Center Point, Giriraj Society, Adajan, Surat, Gujarat 395009"
Official IELTS Test Centre Surat | IELTS IDP India,Surat,4.8,,"
1800 102 4544",,https://www.ieltsidpindia.com/?utm_source=GMB&utm_medium=Traffic&utm_campaign=GoogleGMB,"
3 rd floor, Dumas Rd, opp. Big Bazar, Piplod, Surat, Gujarat 395007"
EEC Katargam PTE IELTS Spoken English GRE TOEFL SAT Coaching & Student Visa Consultant- Canada USA Australia UK,Surat,4.8,,"
087588 80160",,https://eecglobal.com/,"
2nd Floor, Neeru Farms, Rajhans Flamingo, Gajera Rd, Priya Park Society, Katargam, Surat, Gujarat 395004"
EEC Surat Mota Varachha PTE IELTS Spoken English SAT TOEFL GRE Coaching & Student Visa Consultant for USA Canada Australia UK,Surat,4.6,,"
087587 50018",,https://www.eecglobal.com/,"
EEC, 4th Floor, Opera Business Hub, Lajamni Chowk, Maruti Dham Society, Mota Varachha, Surat, Gujarat 394101"
Focus Academy & Visa Consultancy,Surat,4.8,,,,http://www.studyatfocus.com/,"
SNS Business Park, 312, Udhana - Magdalla Rd, near S. D. Jain School, Vesu, Surat, Gujarat 395007"
Kanan International,Surat,4.5,,"
098241 51435",,https://kanansurat.com/,"
307, 3rd Floor, Rupali Canal, Vasudev Arcade, Bhatar Rd, Dinbandhu Society, Bhatar, Athwa, Surat, Gujarat 395001"
BRITFORT BEST IELTS | PTE | SPOKEN ENGLISH Classes in Kochi - IELTS | PTE Training |OFFLINE IELTS Coaching Ernakulam,Kochi,4.8,,"
096451 14443",,http://www.britfort.com/,"
3rd Floor, Perumpillil Buildings, Mahatma Gandhi Rd, KPCC Junction, Opp Maharaja's Ground, Shenoys, Kochi, Ernakulam, Kerala 682011"
COSMO IELTS | PTE Centre Kochi - Best IELTS | PTE Training In Ernakulam | Online IELTS Coaching Ernakulam,Kochi,4.8,,"
099471 15486",,https://www.cosmocentre.in/ielts-kochi.php,"
2nd Floor, Kamalam Tower, Narayanasan Rd, Ponnurunni, Vyttila, Ernakulam, Kochi, Kerala 682019"
Santamonica Academy,Kochi,4.8,,"
080860 76999",,http://academy.santamonicaedu.in/,"
1st Floor, Mercy Estate, Santamonica Junction, Mahatma Gandhi Rd, Ravipuram, Perumanoor, Kochi, Ernakulam, Kerala 682015"
Benz International Academy,Kochi,4.9,,"
093490 06581",,https://benzacademy.futurelms.co.in/,"
Joyz Towerz, LM Paili Rd, Vyttila, Ernakulam, Kerala 682019"
Casper Academy Of Excellence | IELTS Coaching in Kochi,Kochi,4.9,,"
081368 35444",,https://www.casperacademy.in/?utm_source=GMBlisting&utm_medium=organic,"
1st floor, Thevannathu Building, Sahodaran Ayyappan Rd, near Welcare Hospital, Vyttila, Kochi, Ernakulam, Kerala 682019"
Official IELTS Test Centre,Kochi,4.9,,"
1800 102 4544",,https://www.ieltsidpindia.com/?utm_source=GMB&utm_medium=Traffic&utm_campaign=GoogleGMB,"
2nd, Sahodaran Ayyappan Rd, opp. Little Flower Church, Kadavanthra, Kochi, Ernakulam, Kerala 682020"
Disha Academy,Kochi,5.0,,"
095268 59159",,,"
1st floor, Puthedath Building, Ponnurunni, Vyttila, Ernakulam, Kerala 682019"
British Study Mart / IELTS coaching in Delhi,Delhi,4.8,,"
083768 12352",,http://www.britishstudymart.com/,"
36/1 First floor, Block 36, Ashok Nagar, New Delhi, Delhi, 110018"
IELTS Coachingg India,Delhi,4.9,,"
093199 33553",,https://ieltscoachingindia.com/,"
City Centre Mall, 203, Sector 12 Dwarka, Dwarka, New Delhi, Delhi 110077"
Cambridge English Academy ( CEA ) India Pvt.Ltd,Delhi,4.8,,"
096677 28146",,https://cambridgeenglishacademy.com/,"
H-58 , 1st Floor, Main, Vikas Marg, above Sbi Bank, opp. Metro Pillar Number 37, Laxmi Nagar, Delhi, 110092"
Ace With Ielts,Delhi,4.9,,,,,"
N- 7, Bodofa Upendra Nath Brahma Rd, Greater Kailash-1, Block N, Greater Kailash I, Greater Kailash, New Delhi, Delhi 110048"
"Oracle International Language Institute – Best French, German, Spanish, IELTS, English, Chinese & Korean Classes in Delhi",Delhi,4.8,,"
099539 88288",,http://www.oracleglobaleducation.com/,"
Gate No. 4, Metro Station, 3rd Floor, Mythri House, M, 5A, Middle Cir, near Rajiv Chowk, Connaught Place, New Delhi, Delhi 110001"
Studysmart Overseas Education and IELTS Training Delhi,Delhi,4.7,,"
095132 38155",,https://www.studysmart.co.in/?utm_source=GMB&utm_medium=Organic&utm_campaign=Delhi,"
Third Floor, M-10, Block M, Greater Kailash II, Greater Kailash, New Delhi, Delhi 110048"
Official IELTS Test Centre Delhi (Nehru Place) | IELTS IDP India,Delhi,4.8,,"
011 4651 7888",,https://www.ieltsidpindia.com/?utm_source=GMB&utm_medium=Traffic&utm_campaign=GoogleGMB,"
Unit No. 313, 3rd Floor, F, International Trade Tower, Nehru Place, New Delhi, Delhi 110019"
"First Academy - Best IELTS, GRE, SAT, OET, DET, PTE, TOEFL Coaching Center in Ameerpet, Hyderabad Online & Offline Classes",Hyderabad,4.9,,"
099666 66633",,https://firstacademy.in/,"
7th Floor, R. S. Brothers Building, Pavani Prestige Complex, 6-3-789, NH65, Ameerpet, Hyderabad, Telangana 500016"
IELTS guru Consulting: Study Abroad services UK Australia,Hyderabad,4.7,,"
097003 00966",,https://www.ieltsguru.in/,"
5th Floor (502, beside Image Hospitals Lane, Pratap Nagar, Ameerpet, Nagarjuna Nagar colony, Yella Reddy Guda, Hyderabad, Telangana 500073"
IELTS Coaching in Hyderabad,Hyderabad,5.0,,"
098482 20745",,,"
Apartments Green park, I-306, Divyashakti Appartments, Ameerpet, Hyderabad, Telangana 500016"
"English Springs - Best OET, CELPIP, Duolingo, PTE, IETLS Coaching Center",Hyderabad,4.7,,"
091363 91363",,https://englishsprings.com/,"
Flat no: 203, Tulip Chambers, above Taaza Kitchen, Srinivasa Nagar, Ameerpet, Hyderabad, Telangana 500038"
"Texas Review - GRE, GMAT, SAT, IELTS, TOEFL Coaching in JNTU, Kukatpally | Hyderabad",Hyderabad,4.6,,"
091004 44920",,https://texasreview.com/hyderabad/kukatpally/,"
GPR Multiplex, Metro National Highway 65, 2nd Floor, SBR Pride, near JNTU, above Style Union, Hyderabad, Telangana 500072"
People's Career Consultancy,Hyderabad,4.8,,"
095028 43093",,https://peoplecareer.net/,"
Flat No. 3, First Floor, Door No. 6-2-30/c3, Beside Lotus Hospital Ortho Care Building Lakdi-ka-pul, Khairtabad, Hyderabad, Telangana 500004"
Official IELTS Test Centre Hyderabad (Kukatpally) | IELTS IDP India,Hyderabad,4.8,,"
1800 102 4544",,https://www.ieltsidpindia.com/?utm_source=GMB&utm_medium=Traffic&utm_campaign=GoogleGMB,"
2nd Floor, Vijay Sai Towers, 205-207, opp. BJP Office Road, above Reliance digital, Vivek Nagar, Kukatpally, Hyderabad, Telangana 500072"
